data_set,replaced_word,count,normalized_count
vua,make,123,0.14121699196326062
vua,got,109,0.1251435132032147
vua,made,105,0.12055109070034443
vua,see,96,0.11021814006888633
vua,take,92,0.10562571756601608
vua,go,79,0.09070034443168772
vua,come,77,0.08840413318025259
vua,give,66,0.07577497129735936
vua,put,65,0.07462686567164178
vua,feel,59,0.0677382319173364
