data_set,replaced_word,count,normalized_count
moh_x,the,20,0.2857142857142857
moh_x,with,11,0.15714285714285714
moh_x,his,8,0.11428571428571428
moh_x,to,6,0.08571428571428572
moh_x,her,5,0.07142857142857142
moh_x,in,5,0.07142857142857142
moh_x,absorbed,4,0.05714285714285714
moh_x,into,4,0.05714285714285714
moh_x,on,4,0.05714285714285714
moh_x,clawed,3,0.04285714285714286
