data_set,replaced_word,count,normalized_count
trofi,stepped,500,0.15015015015015015
trofi,step,450,0.13513513513513514
trofi,roll,400,0.12012012012012012
trofi,stuck,390,0.11711711711711711
trofi,killed,330,0.0990990990990991
trofi,struck,270,0.08108108108108109
trofi,cool,260,0.07807807807807808
trofi,sleep,250,0.07507507507507508
trofi,pumping,240,0.07207207207207207
trofi,stick,240,0.07207207207207207
